<?xml version="1.0" encoding="utf-8"?>
<extension version="3.1" type="component" method="upgrade">
    <name>COM_BIS</name>
    <author>Milan Zink</author>
    <creationDate>12/204</creationDate>
    <copyright> </copyright>
    <license>GNU - general public license</license>
    <authorEmail>zeten30@gmail.com</authorEmail>
    <version>1.1.1</version>
    <description>COM_BIS_XML_DESC</description>

    <files folder="site">
        <filename>index.html</filename>
        <filename>bis.php</filename>
        <filename>controller.php</filename>
        <filename>router.php</filename>
        <filename>index.html</filename>
        <folder>views</folder>
        <folder>models</folder>
    </files>

    <languages folder="languages/site">
        <language tag="en-GB">en-GB.com_bis.ini</language>
        <language tag="en-GB">en-GB.com_bis.sys.ini</language>
        <language tag="cs-CZ">cs-CZ.com_bis.ini</language>
        <language tag="cs-CZ">cs-CZ.com_bis.sys.ini</language>
    </languages>

    <administration>
        <menu>COM_BIS</menu>

        <files folder="admin">
            <filename>bis.php</filename>
            <filename>controller.php</filename>
            <filename>index.html</filename>
            <folder>views</folder>
        </files>

        <languages folder="languages/admin">
            <language tag="en-GB">en-GB.com_bis.ini</language>
            <language tag="en-GB">en-GB.com_bis.sys.ini</language>
            <language tag="cs-CZ">cs-CZ.com_bis.ini</language>
            <language tag="cs-CZ">cs-CZ.com_bis.sys.ini</language>
        </languages>

    </administration>

</extension>
